vrc.euclidean,vrc.seuclidean,vrc.cosine,vrc.correlation,ss.euclidean,ss.seuclidean,ss.cosine,ss.correlation,dbs.euclidean,dbs.seuclidean,dbs.cosine,dbs.correlation
vrc.euclidean,NA,0.04007166,0.04007166,0.002275692,1.164153e-10,0,0.002275692,6.542541e-08,7.005874e-07,3.309385e-05,0.006765493,0.0006593636,
vrc.seuclidean,NA,,NA,0.006765493,0.0001620317,1.164153e-10,1.164153e-10,0.0006593636,6.542541e-08,7.005874e-07,3.309385e-05,0.01754102,0.002275692,
vrc.cosine,NA,,NA,,NA,0.0001620317,7.005874e-07,7.005874e-07,0.006765493,3.958121e-09,6.542541e-08,3.309385e-05,0.01754102,3.309385e-05,
vrc.correlation,NA,,NA,,NA,,NA,0.0001620317,5.464302e-06,0.3641662,6.542541e-08,0.002275692,0.002275692,0.006765493,3.309385e-05,
ss.euclidean,NA,,NA,,NA,,NA,,NA,0.3641662,0.0006593636,0.1481032,0.1481032,0.08137783,3.309385e-05,5.464302e-06,
ss.seuclidean,NA,,NA,,NA,,NA,,NA,,NA,3.309385e-05,0.1481032,0.04007166,0.01754102,5.464302e-06,6.542541e-08,
ss.cosine,NA,,NA,,NA,,NA,,NA,,NA,,NA,5.464302e-06,0.0006593636,0.0006593636,0.0006593636,5.464302e-06,
ss.correlation,NA,,NA,,NA,,NA,,NA,,NA,,NA,,NA,0.0006593636,0.0006593636,6.542541e-08,1.164153e-10,
dbs.euclidean,NA,,NA,,NA,,NA,,NA,,NA,,NA,,NA,,NA,0.2434251,0.0001620317,7.005874e-07,
dbs.seuclidean,NA,,NA,,NA,,NA,,NA,,NA,,NA,,NA,,NA,,NA,5.464302e-06,7.005874e-07,
dbs.cosine,NA,,NA,,NA,,NA,,NA,,NA,,NA,,NA,,NA,,NA,,NA,0.0006593636,
